kecamatan,tahun,luas_tanam_ha,luas_panen_ha,produktivitas_kw_ha,produktivitas_ton_ha,produksi_ton,is_sementara
Tabunganen,2010,12517,12202,35.51,3.551,43329,0
Tabunganen,2011,12779,12181,37.85,3.785,46105,0
Tabunganen,2012,12616,12238,39.16,3.916,47927,0
Tabunganen,2013,12724,12281,37.5,3.75,46052,0
Tabunganen,2014,12702,12022,36.67,3.667,44085,0
Tabunganen,2015,12702,12419,35.68,3.568,44310,0
Tabunganen,2016,12911,12810,33.42,3.342,42785,0
Tabunganen,2017,13098,12686,38.67,3.867,49055,0
Tamban,2010,7727,7530,34.5,3.45,25979,0
Tamban,2011,7718,7471,36.73,3.673,27441,0
Tamban,2012,7734,7502,39.0,3.9,29258,0
Tamban,2013,7722,7456,36.45,3.645,27203,0
Tamban,2014,7863,7720,36.42,3.642,28116,0
Tamban,2015,7863,7688,35.49,3.549,27288,0
Tamban,2016,7955,7827,33.32,3.332,26080,0
Tamban,2017,8025,7769,37.93,3.793,29465,0
Mekarsari,2010,7160,6980,33.85,3.385,23627,0
Mekarsari,2011,7117,6884,36.47,3.647,25106,0
Mekarsari,2012,7123,6909,39.0,3.9,26946,0
Mekarsari,2013,7126,6668,36.68,3.668,24459,0
Mekarsari,2014,7118,6909,36.37,3.637,25128,0
Mekarsari,2015,7118,6959,35.6,3.56,24778,0
Mekarsari,2016,7186,7144,33.33,3.333,23811,0
Mekarsari,2017,7262,7029,38.09,3.809,26771,0
Anjir Pasar,2010,8373,8158,35.15,3.515,28675,0
Anjir Pasar,2011,9364,9061,37.78,3.778,34232,0
Anjir Pasar,2012,8521,8265,39.21,3.921,32409,0
Anjir Pasar,2013,8662,8360,37.3,3.73,31183,0
Anjir Pasar,2014,8583,8557,36.19,3.619,30968,0
Anjir Pasar,2015,8588,8397,36.24,3.624,30431,0
Anjir Pasar,2016,8923,8830,33.34,3.334,29439,0
Anjir Pasar,2017,8990,8705,38.85,3.885,33822,0
Anjir Muara,2010,7703,7506,34.36,3.436,25791,0
Anjir Muara,2011,7435,7209,36.48,3.648,26298,0
Anjir Muara,2012,7937,7699,39.2,3.92,30180,0
Anjir Muara,2013,7875,7544,36.48,3.648,27519,0
Anjir Muara,2014,7889,7276,36.47,3.647,26536,0
Anjir Muara,2015,8007,7829,36.25,3.625,28381,0
Anjir Muara,2016,8192,8156,33.34,3.334,27192,0
Anjir Muara,2017,8224,7962,38.45,3.845,30613,0
Alalak,2010,4178,4064,34.14,3.414,13874,0
Alalak,2011,4178,4053,36.75,3.675,14895,0
Alalak,2012,4184,4058,39.12,3.912,15878,0
Alalak,2013,4249,4013,36.52,3.652,14656,0
Alalak,2014,4225,4012,35.78,3.578,14355,0
Alalak,2015,4286,4191,35.82,3.582,15009,0
Alalak,2016,4653,4530,33.28,3.328,15076,0
Alalak,2017,4522,4371,38.83,3.883,16975,0
Mandastana,2010,4552,4032,35.35,3.535,14253,0
Mandastana,2011,3636,3518,37.65,3.765,13245,0
Mandastana,2012,4319,4146,39.22,3.922,16262,0
Mandastana,2013,4554,4395,37.0,3.7,16263,0
Mandastana,2014,4655,4587,36.37,3.637,16683,0
Mandastana,2015,4970,4859,36.14,3.614,17561,0
Mandastana,2016,5594,5526,33.3,3.33,18402,0
Mandastana,2017,5641,5457,39.16,3.916,21371,0
Jejangkit,2010,3317,2948,34.3,3.43,10112,0
Jejangkit,2011,794,770,37.14,3.714,2860,0
Jejangkit,2012,2011,1951,39.07,3.907,7623,0
Jejangkit,2013,2376,2279,37.15,3.715,8465,0
Jejangkit,2014,2415,2372,36.59,3.659,8679,0
Jejangkit,2015,2395,2342,35.84,3.584,8392,0
Jejangkit,2016,2853,2753,33.23,3.323,9148,0
Jejangkit,2017,2853,2752,38.08,3.808,10482,0
Belawang,2010,4649,4532,35.45,3.545,16066,0
Belawang,2011,4740,4598,37.37,3.737,17183,0
Belawang,2012,5063,4911,39.35,3.935,19326,0
Belawang,2013,4958,4755,37.23,3.723,17704,0
Belawang,2014,5171,5093,36.37,3.637,18523,0
Belawang,2015,5053,4940,36.28,3.628,17925,0
Belawang,2016,5244,5217,33.3,3.33,17373,0
Belawang,2017,5157,4987,38.95,3.895,19425,0
Wanaraya,2010,3066,2965,34.25,3.425,10155,0
Wanaraya,2011,2520,2435,37.72,3.772,9185,0
Wanaraya,2012,2619,2540,39.08,3.908,9928,0
Wanaraya,2013,2640,2541,36.45,3.645,9263,0
Wanaraya,2014,2610,2557,36.68,3.668,9379,0
Wanaraya,2015,2886,2822,35.76,3.576,10089,0
Wanaraya,2016,3235,2996,33.22,3.322,9953,0
Wanaraya,2017,3024,2918,38.17,3.817,11138,0
Barambai,2010,7100,6918,34.54,3.454,23895,0
Barambai,2011,7162,6947,37.01,3.701,25711,0
Barambai,2012,5612,5444,39.1,3.91,21286,0
Barambai,2013,7488,7210,37.2,3.72,26820,0
Barambai,2014,7621,7404,36.37,3.637,26928,0
Barambai,2015,7957,7780,36.15,3.615,28125,0
Barambai,2016,8548,8383,33.33,3.333,27941,0
Barambai,2017,8886,8604,38.27,3.827,32930,0
Rantau Badauh,2010,8129,7921,33.75,3.375,26733,0
Rantau Badauh,2011,8003,7762,37.03,3.703,28743,0
Rantau Badauh,2012,8019,7778,39.22,3.922,30507,0
Rantau Badauh,2013,7854,7561,37.21,3.721,28135,0
Rantau Badauh,2014,7980,7766,36.43,3.643,28292,0
Rantau Badauh,2015,8110,7929,36.21,3.621,28714,0
Rantau Badauh,2016,7986,7944,33.32,3.332,26469,0
Rantau Badauh,2017,7884,7632,38.47,3.847,29359,0
Cerbon,2010,5395,5196,34.16,3.416,17750,0
Cerbon,2011,5423,5257,37.75,3.775,19845,0
Cerbon,2012,5395,5233,39.08,3.908,20451,0
Cerbon,2013,5407,5219,37.12,3.712,19371,0
Cerbon,2014,5270,5123,36.29,3.629,18591,0
Cerbon,2015,5597,5472,35.86,3.586,19622,0
Cerbon,2016,5681,5668,33.35,3.335,18874,0
Cerbon,2017,5709,5523,38.12,3.812,21052,0
Bakumpai,2010,4688,4550,34.14,3.414,15534,0
Bakumpai,2011,4698,4552,37.44,3.744,17043,0
Bakumpai,2012,4753,4610,39.14,3.914,18041,0
Bakumpai,2013,4790,4623,37.12,3.712,17161,0
Bakumpai,2014,4518,4460,36.38,3.638,16225,0
Bakumpai,2015,4165,4072,35.89,3.589,14614,0
Bakumpai,2016,4792,4777,33.38,3.338,15898,0
Bakumpai,2017,4844,4684,39.26,3.926,18387,0
Marabahan,2010,4366,4321,35.35,3.535,15275,0
Marabahan,2011,4406,4269,37.65,3.765,16073,0
Marabahan,2012,4616,4478,39.23,3.923,17565,0
Marabahan,2013,4772,4587,36.38,3.638,16689,0
Marabahan,2014,4159,4087,36.38,3.638,14869,0
Marabahan,2015,4050,3960,36.09,3.609,14290,0
Marabahan,2016,4217,4025,33.28,3.328,13395,0
Marabahan,2017,4170,4030,38.32,3.832,15443,0
Tabukan,2010,5423,5264,34.16,3.416,17982,0
Tabukan,2011,5375,5185,36.06,3.606,18905,0
Tabukan,2012,5755,5582,39.21,3.921,21888,0
Tabukan,2013,6274,5785,37.11,3.711,21469,0
Tabukan,2014,6140,5889,35.48,3.548,20894,0
Tabukan,2015,5919,5787,36.18,3.618,20939,0
Tabukan,2016,6067,3725,33.35,3.335,12386,0
Tabukan,2017,6139,5940,38.36,3.836,22788,0
Kuripan,2010,20,17,35.16,3.516,60,0
Kuripan,2011,0,0,0.0,0.0,0,0
Kuripan,2012,41,39,39.08,3.908,152,0
Kuripan,2013,0,0,0.0,0.0,0,0
Kuripan,2014,0,0,0.0,0.0,0,0
Kuripan,2015,0,0,0.0,0.0,0,0
Kuripan,2016,124,37,33.36,3.336,123,0
Kuripan,2017,199,177.03,38.53,3.853,682,0
Tabunganen,2018,13095,12665,35.68,3.568,45189,0
Tabunganen,2019,13162,12269,32.09,3.209,39372,0
Tabunganen,2020,13537,13231,35.63,3.563,47142,0
Tabunganen,2021,13614,7246,35.42,3.542,25665,0
Tabunganen,2022,11036,10036,35.28,3.528,35407,0
Tabunganen,2023,11064,11021,35.1,3.51,38685,0
Tabunganen,2024,11067,11066,35.67,3.567,39474,0
Tabunganen,2025,11369,11368,35.84,3.584,40778,0
Tamban,2018,8235,7952,35.65,3.565,28352,0
Tamban,2019,8422,8369,32.05,3.205,26824,0
Tamban,2020,9543,9243,35.6,3.56,32906,0
Tamban,2021,9014,4323,35.35,3.535,15282,0
Tamban,2022,9471,7751,35.11,3.511,27214,0
Tamban,2023,9558,9445,35.09,3.509,33143,0
Tamban,2024,9390,9381,35.59,3.559,33389,0
Tamban,2025,8468,8346,35.8,3.58,29896,0
Mekarsari,2018,6726,6487,35.46,3.546,23005,0
Mekarsari,2019,7546,7302,32.07,3.207,23416,0
Mekarsari,2020,6976,6464,35.59,3.559,23006,0
Mekarsari,2021,7491,4943,35.36,3.536,17478,0
Mekarsari,2022,9329,6743,35.01,3.501,23607,0
Mekarsari,2023,8980,8486,35.08,3.508,29767,0
Mekarsari,2024,9426,9403,35.42,3.542,33304,0
Mekarsari,2025,9335,8537,35.81,3.581,30588,0
Anjir Pasar,2018,9534,9212,35.56,3.556,32762,0
Anjir Pasar,2019,9066,8794,32.07,3.207,28202,0
Anjir Pasar,2020,9270,8402,35.59,3.559,29903,0
Anjir Pasar,2021,9494,4709,35.35,3.535,16646,0
Anjir Pasar,2022,8925,1835,34.63,3.463,6355,0
Anjir Pasar,2023,9142,8946,35.09,3.509,31393,0
Anjir Pasar,2024,8646,7983,35.39,3.539,28251,0
Anjir Pasar,2025,9595,8947,35.83,3.583,32084,0
Anjir Muara,2018,8141,7861,35.41,3.541,27832,0
Anjir Muara,2019,8276,8128,32.07,3.207,26066,0
Anjir Muara,2020,11832,11524,35.62,3.562,41047,0
Anjir Muara,2021,9294,4367,35.33,3.533,15429,0
Anjir Muara,2022,8477,8048,35.25,3.525,28369,0
Anjir Muara,2023,8662,8149,35.07,3.507,28579,0
Anjir Muara,2024,8496,7786,35.42,3.542,27579,0
Anjir Muara,2025,7582,6752,47.72,4.772,24186,0
Alalak,2018,3779,3630,35.59,3.559,12918,0
Alalak,2019,4348,4289,32.04,3.204,13741,0
Alalak,2020,4601,4249,35.56,3.556,15108,0
Alalak,2021,4931,1523,34.64,3.464,5276,0
Alalak,2022,5344,2304,35.07,3.507,8080,0
Alalak,2023,5240,4845,35.06,3.506,16988,0
Alalak,2024,4669,4610,35.42,3.542,16327,0
Alalak,2025,6369,6245,41.64,4.164,22345,0
Mandastana,2018,5760,5551,35.83,3.583,19890,0
Mandastana,2019,5796,5622,32.06,3.206,18025,0
Mandastana,2020,10105,9604,35.6,3.56,34190,0
Mandastana,2021,7998,2388,35.0,3.5,8358,0
Mandastana,2022,7925,3938,34.63,3.463,13637,0
Mandastana,2023,7301,5423,35.1,3.51,19034,0
Mandastana,2024,7466,7341,35.42,3.542,26001,0
Mandastana,2025,9370,8609,40.28,4.028,30705,0
Jejangkit,2018,4479,4309,35.64,3.564,15354,0
Jejangkit,2019,2201,1787,32.05,3.205,5727,0
Jejangkit,2020,3442,3224,35.57,3.557,11469,0
Jejangkit,2021,3611,1376,34.55,3.455,4754,0
Jejangkit,2022,2101,1101,35.01,3.501,3855,0
Jejangkit,2023,2033,1897,35.06,3.506,6652,0
Jejangkit,2024,4251,3175,34.25,3.425,10874,0
Jejangkit,2025,3075,3312,47.65,4.765,11843.2,0
Belawang,2018,6091,5872,35.57,3.557,20888,0
Belawang,2019,5519,5451,32.06,3.206,17477,0
Belawang,2020,7675,7445,35.58,3.558,26488,0
Belawang,2021,7051,4835,35.18,3.518,17010,0
Belawang,2022,7398,3864,35.01,3.501,13528,0
Belawang,2023,7524,7079,35.1,3.51,24847,0
Belawang,2024,6792,6497,35.24,3.524,22895,0
Belawang,2025,12508,12186,44.72,4.472,43656,0
Wanaraya,2018,3198,3066,35.7,3.57,10945,0
Wanaraya,2019,1735,1729,32.04,3.204,5540,0
Wanaraya,2020,2196,2277,35.55,3.555,8093,0
Wanaraya,2021,1762,1162,34.53,3.453,4012,0
Wanaraya,2022,1938,1363,35.08,3.508,4781,0
Wanaraya,2023,1901,1921,35.02,3.502,6726,0
Wanaraya,2024,2562,2480,34.32,3.432,8511,0
Wanaraya,2025,2627,2837,53.55,5.355,10913,0
Barambai,2018,8762,8463,35.54,3.554,30076,0
Barambai,2019,8306,8081,32.08,3.208,25925,0
Barambai,2020,10830,10434,35.61,3.561,37157,0
Barambai,2021,11401,5413,35.38,3.538,19151,0
Barambai,2022,8987,4735,35.01,3.501,16577,0
Barambai,2023,8486,7620,35.1,3.51,26747,0
Barambai,2024,7576,6353,35.24,3.524,22388,0
Barambai,2025,8726,7713,40.89,4.089,27560,0
Rantau Badauh,2018,8215,7933,35.51,3.551,28166,0
Rantau Badauh,2019,7299,7194,32.05,3.205,23057,0
Rantau Badauh,2020,10042,8488,35.59,3.559,30210,0
Rantau Badauh,2021,9532,5538,35.4,3.54,19605,0
Rantau Badauh,2022,9795,6315,35.08,3.508,22153,0
Rantau Badauh,2023,9937,8776,35.09,3.509,30796,0
Rantau Badauh,2024,9031,8554,35.34,3.534,30231,0
Rantau Badauh,2025,11135,10806,41.82,4.182,38753,0
Cerbon,2018,5761,5552,35.68,3.568,19810,0
Cerbon,2019,5990,5626,32.07,3.207,18043,0
Cerbon,2020,5983,5818,35.59,3.559,20706,0
Cerbon,2021,6365,3056,35.06,3.506,10714,0
Cerbon,2022,5249,4417,35.04,3.504,15477,0
Cerbon,2023,5314,4619,35.1,3.51,16212,0
Cerbon,2024,5649,5487,35.35,3.535,19395,0
Cerbon,2025,6830,7005,41.73,4.173,17746,0
Bakumpai,2018,5075,4887,35.9,3.59,17543,0
Bakumpai,2019,5176,5166,32.06,3.206,16562,0
Bakumpai,2020,4784,4649,35.56,3.556,16533,0
Bakumpai,2021,6044,3594,35.37,3.537,12712,0
Bakumpai,2022,3572,3782,34.71,3.471,13127,0
Bakumpai,2023,3379,2877,35.07,3.507,10090,0
Bakumpai,2024,4006,3004,34.31,3.431,10307,0
Bakumpai,2025,4153,4031,47.7,4.77,14426,0
Marabahan,2018,4195,4033,35.63,3.563,14371,0
Marabahan,2019,4763,4389,32.04,3.204,14063,0
Marabahan,2020,4550,4317,35.56,3.556,15353,0
Marabahan,2021,7100,4045,35.22,3.522,14246,0
Marabahan,2022,2170,71,35.03,3.503,250,0
Marabahan,2023,2116,2058,35.03,3.503,7210,0
Marabahan,2024,1698,1682,34.17,3.417,5747,0
Marabahan,2025,2267,2053,35.72,3.572,7349,0
Tabukan,2018,6228,6005,35.49,3.549,21310,0
Tabukan,2019,6283,6156,32.05,3.205,19731,0
Tabukan,2020,6620,6402,35.58,3.558,22778,0
Tabukan,2021,6946,4053,35.28,3.528,14299,0
Tabukan,2022,4709,2397,35.02,3.502,8394,0
Tabukan,2023,5132,5068,35.07,3.507,17773,0
Tabukan,2024,5178,3624,35.23,3.523,12767,0
Tabukan,2025,7122,6673,35.8,3.58,23913,0
Kuripan,2018,305,260,35.39,3.539,920,0
Kuripan,2019,134,130,32.04,3.204,416,0
Kuripan,2020,140,124,35.57,3.557,442,0
Kuripan,2021,489,211,34.23,3.423,722,0
Kuripan,2022,6,0,0.0,0.0,0,0
Kuripan,2023,6,1,35.07,3.507,4,0
Kuripan,2024,2,2,34.72,3.472,7,0
Kuripan,2025,1,6,35.65,3.565,21,0
